{
  "pre_qualifying_model": {
    "feature_columns": [
      "length_km",
      "corners",
      "laps",
      "avg_temp",
      "precip_mm",
      "driver",
      "circuitId",
      "team"
    ],
    "n_features": 8,
    "test_r2": 0.26427626609802246,
    "test_spearman": 0.5508045963271463,
    "test_rmse": 4.735967286512441,
    "cv_scores": [
      {
        "fold": 1,
        "r2": 0.3992794156074524,
        "rmse": 4.459281868018929,
        "spearman": 0.6676156223909605,
        "predicting_current_season": false
      },
      {
        "fold": 2,
        "r2": 0.19407445192337036,
        "rmse": 4.741892671925478,
        "spearman": 0.5350924598489677,
        "predicting_current_season": true
      },
      {
        "fold": 3,
        "r2": 0.3785996437072754,
        "rmse": 4.4062512986201545,
        "spearman": 0.6177410313664913,
        "predicting_current_season": true
      }
    ],
    "avg_cv_r2": 0.3239845037460327,
    "feature_importance": [
      [
        "driver",
        0.21384212374687195
      ],
      [
        "team",
        0.15397761762142181
      ],
      [
        "precip_mm",
        0.13668620586395264
      ],
      [
        "circuitId",
        0.11476492136716843
      ],
      [
        "corners",
        0.10728723555803299
      ],
      [
        "laps",
        0.09552613645792007
      ],
      [
        "avg_temp",
        0.09348149597644806
      ],
      [
        "length_km",
        0.08443424105644226
      ]
    ],
    "categorical_encoders": {
      "driver": [
        "albon",
        "alonso",
        "antonelli",
        "bearman",
        "bortoleto",
        "bottas",
        "colapinto",
        "doohan",
        "gasly",
        "hadjar",
        "hamilton",
        "hulkenberg",
        "kevin_magnussen",
        "lawson",
        "leclerc",
        "max_verstappen",
        "norris",
        "ocon",
        "perez",
        "piastri",
        "ricciardo",
        "russell",
        "sainz",
        "sargeant",
        "stroll",
        "tsunoda",
        "zhou"
      ],
      "circuitId": [
        "albert_park",
        "americas",
        "bahrain",
        "baku",
        "catalunya",
        "hungaroring",
        "imola",
        "interlagos",
        "jeddah",
        "losail",
        "marina_bay",
        "miami",
        "monaco",
        "monza",
        "red_bull_ring",
        "rodriguez",
        "shanghai",
        "silverstone",
        "spa",
        "suzuka",
        "vegas",
        "villeneuve",
        "yas_marina",
        "zandvoort"
      ],
      "team": [
        "alpine",
        "aston_martin",
        "ferrari",
        "haas",
        "kick_sauber",
        "mclaren",
        "mercedes",
        "rb",
        "red_bull",
        "unknown",
        "williams"
      ]
    },
    "data_driven_features_count": 0,
    "data_driven_importance_total": 0.0,
    "pure_data_driven": true,
    "zero_hard_coding": true,
    "current_season_weight": 0.95,
    "current_season": 2025,
    "uncertainty": {
      "mean_uncertainty": 4.401048183441162,
      "uncertainty_range": [
        3.387530565261841,
        5.186437129974365
      ]
    }
  },
  "post_qualifying_model": {
    "feature_columns": [
      "length_km",
      "corners",
      "laps",
      "avg_temp",
      "precip_mm",
      "driver",
      "circuitId",
      "team",
      "Q1",
      "Q2",
      "Q3",
      "made_Q2",
      "made_Q3",
      "grid_position"
    ],
    "n_features": 14,
    "test_r2": 0.4951162338256836,
    "test_spearman": 0.6919663126259513,
    "test_rmse": 3.9232592324578706,
    "cv_scores": [
      {
        "fold": 1,
        "r2": 0.2550123333930969,
        "rmse": 4.965960217270835,
        "spearman": 0.5673084236966981,
        "predicting_current_season": false
      },
      {
        "fold": 2,
        "r2": 0.35595154762268066,
        "rmse": 4.239001009952455,
        "spearman": 0.625899842905986,
        "predicting_current_season": true
      },
      {
        "fold": 3,
        "r2": 0.48432445526123047,
        "rmse": 4.013948201786612,
        "spearman": 0.7009389775922552,
        "predicting_current_season": true
      }
    ],
    "avg_cv_r2": 0.365096112092336,
    "feature_importance": [
      [
        "made_Q3",
        0.2556817829608917
      ],
      [
        "grid_position",
        0.1810615509748459
      ],
      [
        "made_Q2",
        0.136223703622818
      ],
      [
        "team",
        0.0790160670876503
      ],
      [
        "driver",
        0.06911896914243698
      ],
      [
        "Q1",
        0.06174258887767792
      ],
      [
        "Q3",
        0.03699663281440735
      ],
      [
        "laps",
        0.030760927125811577
      ],
      [
        "Q2",
        0.029723254963755608
      ],
      [
        "precip_mm",
        0.02859967201948166
      ],
      [
        "circuitId",
        0.02776707336306572
      ],
      [
        "length_km",
        0.026793750002980232
      ],
      [
        "corners",
        0.0192731786519289
      ],
      [
        "avg_temp",
        0.01724087819457054
      ]
    ],
    "categorical_encoders": {
      "driver": [
        "albon",
        "alonso",
        "antonelli",
        "bearman",
        "bortoleto",
        "bottas",
        "colapinto",
        "doohan",
        "gasly",
        "hadjar",
        "hamilton",
        "hulkenberg",
        "kevin_magnussen",
        "lawson",
        "leclerc",
        "max_verstappen",
        "norris",
        "ocon",
        "perez",
        "piastri",
        "ricciardo",
        "russell",
        "sainz",
        "sargeant",
        "stroll",
        "tsunoda",
        "zhou"
      ],
      "circuitId": [
        "albert_park",
        "americas",
        "bahrain",
        "baku",
        "catalunya",
        "hungaroring",
        "imola",
        "interlagos",
        "jeddah",
        "losail",
        "marina_bay",
        "miami",
        "monaco",
        "monza",
        "red_bull_ring",
        "rodriguez",
        "shanghai",
        "silverstone",
        "spa",
        "suzuka",
        "vegas",
        "villeneuve",
        "yas_marina",
        "zandvoort"
      ],
      "team": [
        "alpine",
        "aston_martin",
        "ferrari",
        "haas",
        "kick_sauber",
        "mclaren",
        "mercedes",
        "rb",
        "red_bull",
        "unknown",
        "williams"
      ]
    },
    "data_driven_features_count": 0,
    "data_driven_importance_total": 0.0,
    "pure_data_driven": true,
    "zero_hard_coding": true,
    "current_season_weight": 0.95,
    "current_season": 2025,
    "uncertainty": {
      "mean_uncertainty": 4.410125255584717,
      "uncertainty_range": [
        3.2276504039764404,
        5.414430618286133
      ]
    }
  },
  "feature_columns": [
    "length_km",
    "corners",
    "laps",
    "avg_temp",
    "precip_mm",
    "driver",
    "circuitId",
    "team",
    "Q1",
    "Q2",
    "Q3",
    "made_Q2",
    "made_Q3",
    "grid_position"
  ],
  "pre_qual_features": [
    "length_km",
    "corners",
    "laps",
    "avg_temp",
    "precip_mm",
    "driver",
    "circuitId",
    "team"
  ],
  "post_qual_features": [
    "length_km",
    "corners",
    "laps",
    "avg_temp",
    "precip_mm",
    "driver",
    "circuitId",
    "team",
    "Q1",
    "Q2",
    "Q3",
    "made_Q2",
    "made_Q3",
    "grid_position"
  ],
  "categorical_features": [
    "driver",
    "circuitId",
    "team"
  ],
  "uses_categorical_encoding": true,
  "pure_data_driven": true,
  "zero_hard_coding": true,
  "current_season_weight": 0.95,
  "historical_season_weight": 0.05,
  "current_season": 2025,
  "training_timestamp": "2025-07-31T16:37:19.621409",
  "data_driven_principles": {
    "no_team_boosts": true,
    "no_driver_boosts": true,
    "no_hard_coded_parameters": true,
    "temporal_weighting_only": true,
    "model_learns_from_data": true,